<?xml version="1.0" encoding="UTF-8"?>
<project-private xmlns="http://www.netbeans.org/ns/project-private/1">
    <editor-bookmarks xmlns="http://www.netbeans.org/ns/editor-bookmarks/2" lastBookmarkId="0"/>
    <open-files xmlns="http://www.netbeans.org/ns/projectui-open-files/2">
        <group>
            <file>file:/C:/Users/Fabio/Documents/NetBeansProjects/Pirelli-Api/src/java/com/builtcode/resources/UploadResource.java</file>
            <file>file:/C:/Users/Fabio/Documents/NetBeansProjects/Pirelli-Api/src/java/com/builtcode/factory/ConexaoFactory.java</file>
            <file>file:/C:/Users/Fabio/Documents/NetBeansProjects/Pirelli-Api/src/java/com/builtcode/filters/NewFilter.java</file>
            <file>file:/C:/Users/Fabio/Documents/NetBeansProjects/Pirelli-Api/src/java/com/builtcode/resources/ApplicationConfig.java</file>
            <file>file:/C:/Users/Fabio/Documents/NetBeansProjects/Pirelli-Api/src/java/com/builtcode/classes/Mensagem.java</file>
            <file>file:/C:/Users/Fabio/Documents/NetBeansProjects/Pirelli-Api/src/java/com/builtcode/classes/RetornoUpload.java</file>
            <file>file:/C:/Users/Fabio/Documents/NetBeansProjects/Pirelli-Api/src/java/com/builtcode/resources/AplicacaoResource.java</file>
        </group>
    </open-files>
</project-private>
